# -------------------------------------------------------
# -    Partition layout generated by BUILD.sh script    -
# -------------------------------------------------------
# Name,         Type, SubType, Offset,  Size,       Flags
# -------------------------------------------------------
nvs,            data, nvs,     0x9000,  16K,
otadata,        data, ota,     0xd000,  8K,
phy_init,       data, phy,     0xf000,  4K,
MicroPython_1,  app,  ota_0,   0x10000, 1536K,
MicroPython_2,  app,  ota_1,   ,        1536K,
internalfs,     data, spiffs,  ,        960K,
